AREA_CARRERA_GENERICA,n_mifuturo_rows,n_titles,n_institutions,observed_income_rows,missing_income_rows,income_min_clp,income_median_clp,income_max_clp,income_sd_clp,example_titles,example_institutions
Técnico Asistente del Educador de Párvulos,31,18,31,22,9,650000,650000,750000,42893.2027228889,Asistente de Párvulo | Asistente en Educación de Párvulos | Técnico de Nivel Superior Asistente de Educación de Párvulos | Técnico de Nivel Superior en Asistente de Párvulos | Técnico de Nivel Superior en Educación de Párvulos | Técnico de Nivel Superior en Educación Parvularia | Técnico de Nivel Superior en Educación Parvularia y primer-segundo año de Educación Básica | Técnico de Párvulos y Básica | Técnico en Educación de Párvulos | Técnico en Educación de Pärvulos | Técnico en Educación Parvularia | Técnico en Educación Parvularia y Básica,CFT CEDUC - UCN | CFT CENCO | CFT DE ENAC | CFT DE LA REGION DE ARICA Y PARINACOTA | CFT EDUCAP | CFT INSTITUTO CENTRAL DE CAPACITACION EDUCACIONAL ICCE | CFT INSTITUTO SUPERIOR DE ESTUDIOS JURIDICOS CANON | CFT LAPLACE
Administración de Empresas e Ing. Asociadas,30,14,30,21,9,1050000,1350000,1750000,193833.507349551,"Administración de Servicios | Ingeniería de Ejecución en Administración | Ingeniería de Ejecución en Administración de Empresas | Ingeniería de Ejecución en Administración de Negocios, de Empresas y de Agronegocios | Ingeniería de Ejecución en Administración e Ingeniería de Administración de Empresas | Ingeniería de Ejedución en Administración de Empresas | Ingeniería en Administración | Ingeniería en Administración de Empresas | Ingeniería en Administración de Empresas Financieras | Ingeniería en Administración de Negocios y Gestión Comercial | Ingeniería en Administración e Ingeniería en Administración de Empresas | Ingeniería en Administración y en Administración de Empresas",IP AIEP | IP DE CHILE | IP DEL VALLE CENTRAL | IP DR. VIRGINIO GOMEZ G. | IP DUOC UC | IP IACC | IP INACAP | IP INSTITUTO DE ESTUDIOS BANCARIOS GUILLERMO SUBERCASEAUX
Técnico en Administración de Empresas,37,12,37,24,13,850000,1050000,1250000,102150.78369105,"Técnico de Nivel Superior Administración de Empresas, Marketing y Gestión Comercial | Técnico de Nivel Superior en Administración de Empresas | Técnico de Nivel Superior en Administración de Empresas y Administración en Salud | Técnico de Nivel Superior en Administración General y de Empresas | Técnico en Administración | Técnico en Administración de Empresas | Técnico en Administración de Empresas Financieras | Técnico en Administración y Administración de Empresas | Técnico Superior en Administración de Empresas | Técnico Universitario en Administración | Técnico Universitario en Administración de Empresas | Técnico Universitario y Tecnólogo en Administración de Empresas",CFT CEDUC - UCN | CFT DE ENAC | CFT DE LA REGION DE ARICA Y PARINACOTA | CFT DE LA REGION DE TARAPACA | CFT INACAP | CFT LOTA-ARAUCO | CFT MANPOWER | CFT PUCV
"Técnico en Deporte, Recreación y Preparación Física",12,12,12,7,5,750000,850000,1050000,106904.49676497,Personal Trainer | Preparación Física y Técnico en Deportes | Preparador Físico | Preparador Físico y Técnico en Deportes | Técnico de Fútbol y Árbitro de Futbol | Técnico de Nivel Superior en Actividad Física y del Deporte | Técnico de Nivel Superior en Actividad Física y Deportes | Técnico de Nivel Superior en Deportes y Recreación | Técnico Deportivo Universitario | Técnico Deportivo y Personal Trainer | Técnico Universitario en Actividad Física y Salud | Técnico Universitario en Preparación Física,CFT DE LA REGION DE ARICA Y PARINACOTA | CFT SANTO TOMAS | IP AIEP | IP DE CHILE | IP DUOC UC | IP INSTITUTO NACIONAL DEL FUTBOL | UNIVERSIDAD ARTURO PRAT | UNIVERSIDAD CATOLICA DE LA SANTISIMA CONCEPCION
Técnico en Electricidad y Electricidad Industrial,13,12,13,11,2,950000,1250000,1850000,231595.258233764,"Técnico de Nivel Superior en Electricidad | Técnico de Nivel Superior en Proyectos Eléctricos de Distribución | Técnico en Electricidad | Técnico en Electricidad Industrial | Técnico en Electricidad y Automatización Industrial, en Instalaciones y Proyectos Eléctricos | Técnico en Electricidad y Electrónica | Técnico en Electricidad y Electrónica Industrial | Técnico en Electricidad, Eficiencia Energética y Electrónica Industrial | Técnico en Redes Eléctricas | Técnico Universitario en Electricidad | Técnico Universitario en Electricidad y Automatización | Técnico Universitario y Tecnólogo en Electricidad",CFT CEDUC - UCN | CFT DE LA REGION DE ARICA Y PARINACOTA | CFT INACAP | CFT PUCV | CFT SAN AGUSTIN | IP AIEP | IP DE CHILE | IP DR. VIRGINIO GOMEZ G.
Contador Auditor,33,11,33,25,8,1050000,1350000,1750000,177951.304200522,"Auditoría | Auditoría e Ingeniería en Control de Gestión, y Contador Público y Auditor | Auditoría y Contador Auditor | Contabilidad y Auditoría, Contador Auditor | Contador Auditor | Contador Auditor - Contador Público | Contador Auditor/Contador Público | Contador Público Auditor | Contador Público Auditor, y Auditoría e Ingeniería en Control de Gestión | Contador Público y Auditor | Contador Público y Contador Auditor",IP AIEP | IP DE CHILE | IP DR. VIRGINIO GOMEZ G. | IP DUOC UC | IP ESCUELA DE COMERCIO DE SANTIAGO | IP ESCUELA DE CONTADORES AUDITORES DE SANTIAGO | IP INSTITUTO DE ESTUDIOS BANCARIOS GUILLERMO SUBERCASEAUX | IP SANTO TOMAS
Pedagogía en Ciencias,10,10,10,5,5,1150000,1250000,1350000,83666.0026534076,"Pedagogía en Biología, Física y Química | Pedagogía en Biología, Física, Química y Ciencias | Pedagogía en Biología, Física, Química y Ciencias Naturales | Pedagogía en Biología, Química y Ciencias Naturales | Pedagogía en Ciencias | Pedagogía en Ciencias mención Biología, Física, Química | Pedagogía en Ciencias Naturales | Pedagogía en Educación Media en Biología y Química | Pedagogía en Educación Media en Ciencias Naturales y Biología, Física y Química | Pedagogía en Química y Biología, y en Física y Matemáticas",PONTIFICIA UNIVERSIDAD CATOLICA DE CHILE | PONTIFICIA UNIVERSIDAD CATOLICA DE VALPARAISO | UNIVERSIDAD CATOLICA DEL MAULE | UNIVERSIDAD DE CHILE | UNIVERSIDAD DE CONCEPCION | UNIVERSIDAD DE LA FRONTERA | UNIVERSIDAD DE LA SERENA | UNIVERSIDAD DE PLAYA ANCHA DE CIENCIAS DE LA EDUCACION
Pedagogía en Matemáticas y Computación,12,10,12,7,5,1150000,1350000,1350000,95118.9731211342,Pedagogía Educación Media en Matemática y Física | Pedagogía en Educación Matemática | Pedagogía en Educación Media en Matemática | Pedagogía en Educación Mediaen Matemática | Pedagogía en Matemática | Pedagogía en Matemática y Computación | Pedagogía en Matemática y Computación y en Matemáticas y Educación Tecnológica | Pedagogía en Matemáticas | Pedagogía en Matemáticas e Informática Educativa | Pedagogía en Matemáticas y Computación,PONTIFICIA UNIVERSIDAD CATOLICA DE CHILE | PONTIFICIA UNIVERSIDAD CATOLICA DE VALPARAISO | UNIVERSIDAD ALBERTO HURTADO | UNIVERSIDAD CATOLICA CARDENAL RAUL SILVA HENRIQUEZ | UNIVERSIDAD CATOLICA DE LA SANTISIMA CONCEPCION | UNIVERSIDAD CATOLICA DEL MAULE | UNIVERSIDAD DE CHILE | UNIVERSIDAD DE CONCEPCION
Técnico Agropecuario,11,10,11,6,5,850000,950000,1050000,75277.2652709081,Técnico Agrícola | Técnico Agrícola y Ganadero | Técnico de Nivel Superior Agrícola | Técnico de Nivel Superior en Agrícola | Técnico de Nivel Superior en Agronomía | Técnico de Nivel Superior en Gestión Agropecuaria | Técnico en Administración de la Producción Agropecuaria y Agroindustrial | Técnico Experto Agrario | Técnico Universitario en Producción Agropecuaria | Tecnología Agrícola y Producción Ganadera,CFT DE LA REGION DE ARICA Y PARINACOTA | CFT INACAP | CFT PUCV | CFT SAN AGUSTIN | CFT SANTO TOMAS | CFT TEODORO WICKEL KLUWEN | IP AGRARIO ADOLFO MATTHEI | IP AIEP
Técnico en Logística,12,10,12,7,5,950000,1150000,1250000,95118.9731211342,Técnico de Nivel Superior en Control de Gestión y Logística | Técnico de Nivel Superior en Logística | Técnico en Administración Logística | Técnico en Gestión Logística | Técnico en Logística | Técnico en Logística Operativa | Técnico en Logística y en Logística Marítima Portuaria | Técnico en Logística y Operaciones Industriales | Técnico en Operaciones Logísticas | Técnico Universitario en Logística,CFT DE ENAC | CFT DE LA REGION DE ARICA Y PARINACOTA | CFT ESCUELA DE COMERCIO | CFT INACAP | CFT SANTO TOMAS | IP AIEP | IP DR. VIRGINIO GOMEZ G. | IP DUOC UC
Técnico en Turismo y Hotelería,11,10,11,6,5,750000,850000,850000,51639.7779494322,"Técnico de Nivel Superior en Turismo y Hotelería | Técnico en Ecoturismo | Técnico en Hotelería y en Turismo Sustentable | Técnico en Hotelería y Turismo | Técnico en Hotelería y Turismo, en Turismo Aventura, y en Servicios Aerocomerciales y Transportes Turísticos | Técnico en Turismo | Técnico en Turismo y en Administración Hotelera y Resorts Internacional | Técnico en Turismo y en Hotelería y Servicios | Técnico Guía de Turismo Aventura y en Turismo | Turismo Técnico, Turismo de Aventura, Administración Hotelera y Tourism & Hospitality Technician",CFT DE ENAC | CFT DEL MEDIO AMBIENTE | CFT INACAP | CFT PUCV | CFT SANTO TOMAS | IP AIEP | IP DE CHILE | IP DUOC UC
Administración Turística y Hotelera,10,9,10,4,6,850000,950000,1050000,81649.6580927726,"Administración de Empresas de Turismo | Administración en Hotelería y Servicios y Administración Turística Internacional | Administración Hotelera y Gastronómica, y Gestión en Turismo y Cultura | Administración Turística Multilingüe | Hotelería y Turismo | Ingeniería en Expediciones y Ecoturismo | Ingeniería en Gestión Turística | Ingeniería en Turismo y Hotelería, Ingeniería en Administración Hotelera Internacional y Administración en Ecoturismo | Turismo y Hotelería, Ecoturismo y Tourism and Hospitality",IP DE CHILE | IP DUOC UC | IP INACAP | UNIVERSIDAD ANDRES BELLO | UNIVERSIDAD AUSTRAL DE CHILE | UNIVERSIDAD DE LAS AMERICAS | UNIVERSIDAD DE PLAYA ANCHA DE CIENCIAS DE LA EDUCACION | UNIVERSIDAD DE VALPARAISO
Ingeniería en Computación e Informática,19,9,19,13,6,1250000,1850000,2750000,441878.275384082,"Ingeniería de Ejecución en Computación e Informática | Ingeniería de Ejecución en Informática | Ingeniería en Computación e Informática | Ingeniería en Computación e Informática y de Gestión Informática | Ingeniería en Informática | Ingeniería en Informática Empresarial | Ingeniería en Informática y Gestión | Ingeniería en Informática, en Infraestructura y Plataformas Tecnológicas | Ingeniería en Informática, en Sistemas Computacionales y Software",IP AIEP | IP DE CHILE | IP DR. VIRGINIO GOMEZ G. | IP DUOC UC | IP SAN SEBASTIAN | IP SANTO TOMAS | PONTIFICIA UNIVERSIDAD CATOLICA DE VALPARAISO | UNIVERSIDAD ANDRES BELLO
Pedagogía en Artes y Música,9,9,9,7,2,950000,1050000,1150000,69006.5559342354,"Pedagogía Educación Media en Artes | Pedagogía en Artes Musicales | Pedagogía en Artes Plásticas y Pedagogía en Educación Musical | Pedagogía en Educación Artística | Pedagogía en Educación Musical | Pedagogía en Educación Musical y Artes Plásticas | Pedagogía en Música | Pedagogía en Música y Pedagogía en Artes Visuales | Pedagogía en Música, Pedagogía en Artes Visuales y Pedagogía en Artes Plásticas",UNIVERSIDAD ADVENTISTA DE CHILE | UNIVERSIDAD ALBERTO HURTADO | UNIVERSIDAD CATOLICA CARDENAL RAUL SILVA HENRIQUEZ | UNIVERSIDAD DE CONCEPCION | UNIVERSIDAD DE LA SERENA | UNIVERSIDAD DE LOS LAGOS | UNIVERSIDAD DE PLAYA ANCHA DE CIENCIAS DE LA EDUCACION | UNIVERSIDAD MAYOR
"Técnico en Instrumentación, Automatización y Control Industrial",10,9,10,6,4,1050000,1400000,1750000,273861.278752583,"Técnico en Automatización y Control Industrial | Técnico en Automatización y Control Industrial, Automatización y Robótica | Técnico en Control Industrial y en Automatización y Control | Técnico en Instrumentación y Automatización Industrial | Técnico en Instrumentación y Control Industrial | Técnico en Instrumentación, Automatización y Control Industrial | Técnico Universitario en Automatización Industrial | Técnico Universitario en Automatización y Control Industrial | Técnico Universitario y Tecnólogo en Instrumentación y Automatización",CFT CEDUC - UCN | CFT INACAP | CFT JUAN BOHON | CFT LOTA-ARAUCO | CFT SAN AGUSTIN | IP AIEP | IP IACC | UNIVERSIDAD CATOLICA DE LA SANTISIMA CONCEPCION
"Música, Canto o Danza",8,8,8,0,8,,,,,"Danza, Música y Producción Musical | Interpretación Musical y Danza | Interpretación y Docencia Musical | Intérprete en Jazz y Música Popular, y Composición Musical | Intérprete Instrumental, Intérprete en Danza, Producción Musical y Gestión Artística, Especialista en Arreglos y Composición | Música e Intérprete Musical | Música y Composición, Danza y Coreografía | Producción y Composición Musical","IP ARCOS | IP ESCUELA MODERNA DE MUSICA | IP PROJAZZ | PONTIFICIA UNIVERSIDAD CATOLICA DE CHILE | UNIVERSIDAD ACADEMIA DE HUMANISMO CRISTIANO | UNIVERSIDAD DE ARTES, CIENCIAS Y COMUNICACION - UNIACC | UNIVERSIDAD DE CHILE | UNIVERSIDAD DE TALCA"
"Pedagogía en Lenguaje, Comunicación y/o Castellano",19,8,19,9,10,1150000,1150000,1350000,70710.6781186548,Pedagogía en Castellano | Pedagogía en Castellano y Comunicación | Pedagogía en Castellano y en Lengua Castellana y Comunicación | Pedagogía en Castellano y Filosofía | Pedagogía en Educación Media en Lenguaje y Comunicación | Pedagogía en Español | Pedagogía en Lengua Castellana y Comunicación | Pedagogía en Lenguaje y Comunicación,PONTIFICIA UNIVERSIDAD CATOLICA DE VALPARAISO | UNIVERSIDAD ALBERTO HURTADO | UNIVERSIDAD AUSTRAL DE CHILE | UNIVERSIDAD AUTONOMA DE CHILE | UNIVERSIDAD CATOLICA CARDENAL RAUL SILVA HENRIQUEZ | UNIVERSIDAD CATOLICA DE LA SANTISIMA CONCEPCION | UNIVERSIDAD CATOLICA DE TEMUCO | UNIVERSIDAD CATOLICA DEL MAULE
Traducción e Interpretación,8,8,8,2,6,950000,950000,950000,0,Interpretación o Traduccción Inglés - Español | Traducción e Interpretación Inglés y Español | Traducción e Interpretariado Bilingüe Inglés-Español | Traducción e Interpretariado Simultáneo y Traductor e Intérprete de Enlace | Traducción e Intérprete en Inglés | Traducción Inglés-Español | Traducción Inglés Español y Licenciatura en Traducción | Traducción/Interpretación en Idiomas Extranjeros,"IP EATRI | PONTIFICIA UNIVERSIDAD CATOLICA DE VALPARAISO | UNIVERSIDAD DE ARTES, CIENCIAS Y COMUNICACION - UNIACC | UNIVERSIDAD DE CONCEPCION | UNIVERSIDAD DE LA SERENA | UNIVERSIDAD DE LAS AMERICAS | UNIVERSIDAD DE PLAYA ANCHA DE CIENCIAS DE LA EDUCACION | UNIVERSIDAD TECNOLOGICA DE CHILE INACAP"
Técnico Asistente del Educador Diferencial,15,8,15,7,8,650000,650000,650000,0,Técnico Asistente en Educación Especial | Técnico de Nivel Superior en Educación Diferencial | Técnico de Nivel Superior en Educación Diferencial e Inclusiva | Técnico de Nivel Superior en Educación Especial | Técnico en Educación Diferencial | Técnico en Educación Diferencial e Inclusión | Técnico en Educación Especial | Técnico en Educación Especial y Diferencial,CFT DE ENAC | CFT DE LA REGION DE ARICA Y PARINACOTA | CFT DE LA REGION DEL MAULE | CFT LOS LAGOS | CFT LOTA-ARAUCO | CFT SANTO TOMAS | IP AIEP | IP DE CHILE
Técnico en Administración de Recursos Humanos y Personal,10,8,10,5,5,950000,1050000,1050000,54772.2557505166,Técnico de Nivel Superior en Administración y Gestión de Personal | Técnico de Nivel Superior en Recursos Humanos | Técnico en Administración de Recursos Humanos | Técnico en Administración de Recursos Humanos y en Gestión de Personas | Técnico en Administración de Recursos Humanos y Personal | Técnico en Administración en Recursos Humanos | Técnico en Gestión de Recursos Humanos | Técnico en Recursos Humanos,CFT DE ENAC | CFT ESCUELA DE COMERCIO | CFT SANTO TOMAS | IP DUOC UC | IP ESUCOMEX | IP IACC | IP LATINOAMERICANO DE COMERCIO EXTERIOR - IPLACEX | IP LOS LEONES
Técnico en Computación e Informática,16,8,16,8,8,850000,1250000,1750000,301188.123461543,"Técnico  en Informática, y en Análisis y Programación Computacional | Técnico Analista Programador | Técnico Analista Programador Computacional | Técnico Analista Programador Computacional y Administración en Infraestrcutura y Plataformas Tecnológicas | Técnico de Nivel Superior en Computación e Informática | Técnico en Computación e Informática | Técnico en Programación Computacional y Análisis de Sistemas | Técnico Universitario en Informática",CFT CEDUC - UCN | CFT INACAP | CFT LOTA-ARAUCO | CFT PUCV | CFT SAN AGUSTIN | IP AIEP | IP DE CHILE | IP DR. VIRGINIO GOMEZ G.
Técnico en Construcción y Obras Civiles,17,8,17,11,6,950000,1050000,1150000,64666.9790682863,Técnico de Nivel Superior en Construcción | Técnico de Nivel Superior en Construcción Civil | Técnico en Construcción | Técnico en Construcciones Civiles | Técnico en Edificación y Construcción | Técnico en Obras Civiles | Técnico Universitario en Construcción | Técnico Universitario en Construcción y Obras Civiles,CFT CEDUC - UCN | CFT DE ENAC | CFT INACAP | CFT PUCV | CFT SAN AGUSTIN | CFT SANTO TOMAS | IP AIEP | IP DR. VIRGINIO GOMEZ G.
Técnico en Minería,10,8,10,8,2,1250000,1350000,1650000,169030.850945703,Técnico de Nivel Superior en Minería | Técnico de Nivel Superior en Operaciones Mineras | Técnico de Nivel Superior en Procesos Mineros | Técnico en Minería | Técnico en Operación de Plantas Mineras | Técnico en Operaciones Mineras y Equipos Móviles Mineros | Técnico Universitario en Minas | Técnico Universitario en Minería y Metalurgia,CFT CEDUC - UCN | CFT INACAP | CFT PUCV | IP AIEP | IP DE CHILE | IP IACC | IP SANTO TOMAS | UNIVERSIDAD CENTRAL DE CHILE
Ingeniería Civil en Computación e Informática,21,7,21,11,10,2150000,2750000,3250000,360807.175901226,Ingeniería Civil de Computación | Ingeniería Civil en Computación | Ingeniería Civil en Computación e Informática | Ingeniería Civil en Computación mención Informática | Ingeniería Civil en Informática | Ingeniería Civil en Informática y Telecomunicaciones | Ingeniería Civil Informática,PONTIFICIA UNIVERSIDAD CATOLICA DE CHILE | PONTIFICIA UNIVERSIDAD CATOLICA DE VALPARAISO | UNIVERSIDAD ADOLFO IBAÑEZ | UNIVERSIDAD ANDRES BELLO | UNIVERSIDAD AUSTRAL DE CHILE | UNIVERSIDAD CATOLICA DE LA SANTISIMA CONCEPCION | UNIVERSIDAD CATOLICA DEL MAULE | UNIVERSIDAD CATOLICA DEL NORTE
Ingeniería en Electricidad,10,7,10,8,2,1550000,1800000,2150000,241646.14034339,"Ingeniería de Ejecución en Electricidad | Ingeniería Eléctrica | Ingeniería en Electricidad | Ingeniería en Electricidad y Automatización Industrial, y Electrónica | Ingeniería en Electricidad y Electrónica | Ingeniería en Electricidad y Electrónica Industrial | Ingeniería en Electricidad y Energías Renovables",IP AIEP | IP DE CHILE | IP DR. VIRGINIO GOMEZ G. | IP DUOC UC | IP INACAP | IP SANTO TOMAS | PONTIFICIA UNIVERSIDAD CATOLICA DE VALPARAISO | UNIVERSIDAD DE SANTIAGO DE CHILE
Ingeniería en Prevención de Riesgos,11,7,11,10,1,1150000,1300000,1850000,236643.191323985,"Ingeniería de Ejecución en Prevención de Riesgos | Ingeniería en Prevención de Riesgo | Ingeniería en Prevención de Riesgos | Ingeniería en Prevención de Riesgos Laborales y Ambientales | Ingeniería en Prevención de Riesgos y Medio Ambiente | Ingeniería en Prevención de Riesgos, Calidad y Ambiente | Ingeniería en Prevención de Riesgos, Calidad y Medio Ambiente",IP AIEP | IP DE CHILE | IP DUOC UC | IP IACC | IP INACAP | IP LATINOAMERICANO DE COMERCIO EXTERIOR - IPLACEX | IP SANTO TOMAS | UNIVERSIDAD ARTURO PRAT
Pedagogía en Educación Básica,27,7,27,18,9,1050000,1150000,1350000,84016.8050416806,Educación Básica | Educación General Básica | Pedagogía Básica | Pedagogía Básica con menciones y Bilingúe inglés/español | Pedagogía en Educación Básica | Pedagogía en Educación Básica con especialización | Pedagogía en Educación General Básica,PONTIFICIA UNIVERSIDAD CATOLICA DE CHILE | PONTIFICIA UNIVERSIDAD CATOLICA DE VALPARAISO | UNIVERSIDAD ALBERTO HURTADO | UNIVERSIDAD ANDRES BELLO | UNIVERSIDAD AUSTRAL DE CHILE | UNIVERSIDAD AUTONOMA DE CHILE | UNIVERSIDAD CATOLICA CARDENAL RAUL SILVA HENRIQUEZ | UNIVERSIDAD CATOLICA DE LA SANTISIMA CONCEPCION
Pedagogía en Idiomas,26,7,26,18,8,950000,1050000,1250000,80236.5782965103,"Licenciatura en Inglés y Pedagogía en Inglés | Pedagogía en Comunicación en Lengua Inglesa | Pedagogía en Educación Media en Inglés | Pedagogía en Educación Media en Inglés y Alemán | Pedagogía en Inglés | Pedagogía en Inglés para Educación Básica y Media | Pedagogía en Inglés, Francés y/o Alemán",PONTIFICIA UNIVERSIDAD CATOLICA DE VALPARAISO | UNIVERSIDAD ALBERTO HURTADO | UNIVERSIDAD ANDRES BELLO | UNIVERSIDAD ARTURO PRAT | UNIVERSIDAD AUSTRAL DE CHILE | UNIVERSIDAD AUTONOMA DE CHILE | UNIVERSIDAD BERNARDO O'HIGGINS | UNIVERSIDAD CATOLICA CARDENAL RAUL SILVA HENRIQUEZ
Técnico en Gastronomía y Cocina,9,7,9,6,3,750000,750000,950000,81649.6580927726,Diplome Superieur Ecole Culinaire Francaise | Técnico de Nivel Superior en Gastronomía Internacional | Técnico en Gastronomía | Técnico en Gastronomía Internacional | Técnico en Gastronomía Internacional y Gastronomía | Técnico en Gastronomía Internacional y Tradicional Chilena | Técnico en Gastronomía y Cocina Internacional,CFT DE ENAC | CFT ESCUELA CULINARIA FRANCESA | CFT INACAP | CFT JUAN BOHON | CFT PUCV | CFT SANTO TOMAS | IP AIEP | IP DE CHILE
Diseño Gráfico,10,6,10,6,4,850000,1e+06,1450000,209761.76963403,Diseño en Comunicación Visual | Diseño Gráfico | Diseño Gráfico Multimedia y de Video Juegos | Diseño Gráfico Profesional | Diseño Gráfico y de Juegos Digitales | Diseño Multimedia,IP AIEP | IP ARCOS | IP DUOC UC | IP INACAP | IP SANTO TOMAS | UNIVERSIDAD ANDRES BELLO | UNIVERSIDAD DE ANTOFAGASTA | UNIVERSIDAD DE TARAPACA
Ingeniería Mecánica,7,6,7,5,2,1450000,1650000,1850000,148323.969741913,Ingeniería de Ejecución en Mecánica | Ingeniería de Ejecución Mecánica | Ingeniería de Ejecución Mecánica de Procesos y Mantenimiento Industrial e Ingeniería Mecánica Industrial | Ingeniería Mecánica | Ingeniería Mecánica en Mantenimiento Industrial y en Producción Industrial | Ingeniería Mecánica y de Ejecución Mecánica,IP DR. VIRGINIO GOMEZ G. | IP INACAP | PONTIFICIA UNIVERSIDAD CATOLICA DE VALPARAISO | UNIVERSIDAD DE LA SERENA | UNIVERSIDAD DE SANTIAGO DE CHILE | UNIVERSIDAD DEL BIO-BIO | UNIVERSIDAD TECNICA FEDERICO SANTA MARIA
Licenciatura en Letras y Literatura,6,6,6,3,3,1050000,1050000,1050000,0,"Letras Hispánicas, Letras Inglesas y Licenciatura en Letras | Licenciatura en Letras mención Literatura | Licenciatura en Lingúistica aplicada a la Traducción | Licenciatura en Lingüística y Literatura | Licenciatura en Lingüística y Literatura, y Literatura Inglesa | Literatura Creativa",PONTIFICIA UNIVERSIDAD CATOLICA DE CHILE | PONTIFICIA UNIVERSIDAD CATOLICA DE VALPARAISO | UNIVERSIDAD ANDRES BELLO | UNIVERSIDAD DE CHILE | UNIVERSIDAD DE SANTIAGO DE CHILE | UNIVERSIDAD DIEGO PORTALES
Pedagogía en Educación Diferencial,23,6,23,19,4,1050000,1150000,1250000,45883.1467741124,Educación Diferencial | Pedagogía en Educación Diferencial | Pedagogía en Educación Diferencial e Integral de Necesidades Educativas Especiales | Pedagogía en Educación Diferencial y en Educación Especial | Pedagogía en Educación Especial | Pedagogía en Educación Especial con mención,PONTIFICIA UNIVERSIDAD CATOLICA DE VALPARAISO | UNIVERSIDAD ACADEMIA DE HUMANISMO CRISTIANO | UNIVERSIDAD ALBERTO HURTADO | UNIVERSIDAD AUSTRAL DE CHILE | UNIVERSIDAD BERNARDO O'HIGGINS | UNIVERSIDAD BOLIVARIANA | UNIVERSIDAD CATOLICA CARDENAL RAUL SILVA HENRIQUEZ | UNIVERSIDAD CATOLICA DE LA SANTISIMA CONCEPCION
Pedagogía en Educación de Párvulos,30,6,30,19,11,950000,1050000,1150000,67103.8298207203,Educación de Párvulos | Educación Parvularia | Pedagogía en Educación de Párvulos | Pedagogía en Educación Parvularia | Pedagogía en Educación Parvularia con mención | Pedagogía en Educación Parvularia y Básica para Primer Ciclo,PONTIFICIA UNIVERSIDAD CATOLICA DE CHILE | PONTIFICIA UNIVERSIDAD CATOLICA DE VALPARAISO | UNIVERSIDAD ALBERTO HURTADO | UNIVERSIDAD ANDRES BELLO | UNIVERSIDAD ARTURO PRAT | UNIVERSIDAD AUTONOMA DE CHILE | UNIVERSIDAD BOLIVARIANA | UNIVERSIDAD CATOLICA CARDENAL RAUL SILVA HENRIQUEZ
Técnico en Contabilidad General,13,6,13,10,3,950000,1150000,1250000,94868.3298050514,Contabilidad General | Contador de Empresas Financieras | Contador Técnico de Nivel Superior | Técnico de Nivel Superior en Contabilidad General | Técnico en Contabilidad | Técnico en Contabilidad General,CFT ESCUELA DE COMERCIO | CFT INACAP | CFT PUCV | CFT SAN AGUSTIN | CFT SANTO TOMAS | IP AIEP | IP DE CHILE | IP DUOC UC
Técnico en Enfermería,31,6,31,21,10,750000,850000,950000,65465.3670707977,Técnico de Nivel Superior en Enfermería | Técnico de Nivel Superior Enfermería | Técnico en Enfermería | Técnico en Enfermería de Nivel Superior | Técnico en Enfermería y Telemedicina | Técnico Universitario en Enfermería,CFT CEDUC - UCN | CFT DE ENAC | CFT DE LA REGION DE ARICA Y PARINACOTA | CFT DE LA REGION DE VALPARAISO | CFT DE TARAPACA | CFT INACAP | CFT INSTITUTO CENTRAL DE CAPACITACION EDUCACIONAL ICCE | CFT LOS LAGOS
Técnico en Mantenimiento Industrial,8,6,8,7,1,1150000,1250000,1550000,146385.01094228,"Técnico de Nivel Superior en Mantención Industrial | Técnico en Mantenimiento Industrial | Técnico en Maquinaria Pesada, Mantenimiento Industrial y Mecatrónica | Técnico en Maquinaria y Vehículos Pesados | Técnico en Operación y Mantención de Maquinaria Pesada | Técnico Universitario Industrial y en Mantenimiento Aeronáutico",CFT CEDUC - UCN | CFT INACAP | CFT JUAN BOHON | CFT PUCV | IP DR. VIRGINIO GOMEZ G. | IP DUOC UC | IP SANTO TOMAS | UNIVERSIDAD TECNICA FEDERICO SANTA MARIA
Técnico en Mecánica Automotriz,8,6,8,6,2,950000,1050000,1250000,103279.555898864,"Técnico de Nivel Superior en Mecánica Automotriz | Técnico en Mecánica Automotriz | Técnico en Mecánica Automotriz y Autotrónica | Técnico en Mecánica Automotriz y Autotrónica y en Maquinaria Pesada | Técnico en Mecánica Automotriz y Maquinaria Pesada, y Sistemas Eléctricos | Técnico Universitario en Mecánica Automotriz",CFT INACAP | CFT PUCV | CFT SAN AGUSTIN | IP AIEP | IP DE CHILE | IP DR. VIRGINIO GOMEZ G. | IP DUOC UC | UNIVERSIDAD TECNICA FEDERICO SANTA MARIA
Técnico en Mecánica Industrial,6,6,6,6,0,1150000,1300000,1650000,178885.438199983,Técnico en Mantenimiento Mecánico Industrial y Mecánico en Maquinaria Pesada | Técnico en Mecánica de Equipo Pesado | Técnico en Mecánica en Producción Industrial | Técnico en Mecánica Industrial | Técnico Universitario en Mecánica Industrial | Técnico Universitario y Tecnólogo en Mantención Mecánica de Equipos Industriales,CFT CEDUC - UCN | CFT INACAP | CFT JUAN BOHON | CFT LOTA-ARAUCO | UNIVERSIDAD DE ATACAMA | UNIVERSIDAD TECNICA FEDERICO SANTA MARIA
Artes y Licenciatura en Artes,7,5,7,3,4,950000,1050000,1050000,57735.0269189626,"Artes Plásticas, Licenciatura en Artes y Teoría e Historia del Arte | Artes Visuales | Artes Visuales y Licenciatura en Artes Plásticas | Licenciatura en Arte | Licenciatura en Ciencias y Artes Musicales",PONTIFICIA UNIVERSIDAD CATOLICA DE CHILE | PONTIFICIA UNIVERSIDAD CATOLICA DE VALPARAISO | UNIVERSIDAD DE CHILE | UNIVERSIDAD DE CONCEPCION | UNIVERSIDAD DE PLAYA ANCHA DE CIENCIAS DE LA EDUCACION | UNIVERSIDAD DIEGO PORTALES | UNIVERSIDAD FINIS TERRAE
Comunicación Audiovisual y/o Multimedia,8,5,8,4,4,950000,1150000,1350000,182574.185835055,Comunicación Audiovisual | Comunicación Audiovisual Digital | Comunicación Audiovisual y Digital | Dirección Audiovisual | Dirección Audiovisual y Multimedia,"IP ARCOS | IP DE CHILE | IP DUOC UC | IP SANTO TOMAS | PONTIFICIA UNIVERSIDAD CATOLICA DE CHILE | UNIVERSIDAD CATOLICA DE LA SANTISIMA CONCEPCION | UNIVERSIDAD DE ARTES, CIENCIAS Y COMUNICACION - UNIACC | UNIVERSIDAD DE LOS ANDES"
Pedagogía en Educación Física,26,5,26,22,4,950000,1050000,1250000,84387.2746402686,"Educación Física para la Educación General Básica | Pedagogía en Educación Física | Pedagogía en Educación Física, Deporte y Recreación | Pedagogía en Educación Física, Deportes y Recreación | Pedagogía en Educación Media Mención Educación Física",PONTIFICIA UNIVERSIDAD CATOLICA DE VALPARAISO | UNIVERSIDAD ANDRES BELLO | UNIVERSIDAD ARTURO PRAT | UNIVERSIDAD AUSTRAL DE CHILE | UNIVERSIDAD AUTONOMA DE CHILE | UNIVERSIDAD BERNARDO O'HIGGINS | UNIVERSIDAD CATOLICA CARDENAL RAUL SILVA HENRIQUEZ | UNIVERSIDAD CATOLICA DE LA SANTISIMA CONCEPCION
Programas de Formación Pedagógica,5,5,5,3,2,1150000,1350000,1550000,2e+05,Pedagogía en Educación Media para Licenciados | Pedagogía para Profesionales | Programa de Formación Pedagógica para Licenciados | Programa de Pedagogía en Educación Media | Programas de Formación Pedagógica para Licenciados y Profesionales,PONTIFICIA UNIVERSIDAD CATOLICA DE CHILE | UNIVERSIDAD ALBERTO HURTADO | UNIVERSIDAD ANDRES BELLO | UNIVERSIDAD DE LOS ANDES | UNIVERSIDAD DEL DESARROLLO
Técnico en Laboratorio Clínico,6,5,6,6,0,750000,850000,850000,51639.7779494322,"Técnico de Laboratorio Clínico y Banco de Sangre | Técnico en Laboratorio Clínico Banco de Sangre e Imagenología | Técnico en Laboratorio Clínico y Banco de Sangre | Técnico Laboratorista Clínico y Banco de Sangre | Técnico Laboratorista Clínico, Banco de Sangre e Imagenología",CFT DE ENAC | CFT INACAP | CFT SANTO TOMAS | IP AIEP | IP DR. VIRGINIO GOMEZ G. | IP DUOC UC
Técnico en Peluquería y Estética,6,5,6,3,3,750000,750000,850000,57735.0269189626,Técnico de Nivel Superior en Estética Integral | Técnico en Cosmetología y Estética Integral | Técnico en Cosmetología y Peluquería | Técnico en Estética Industrial | Técnico en Estética Integral,CFT DE ENAC | CFT JUAN BOHON | CFT SAN AGUSTIN | IP AIEP | IP IPG | IP LOS LEONES
Técnico en Química (Análisis e Industrial),5,5,5,3,2,1050000,1050000,1150000,57735.0269189626,Técnico en Análisis Químico | Técnico Químico Analista Industrial | Técnico Universitario en Análisis Químico y Físico | Técnico Universitario en Química | Tecnología en Análisis Químico,CFT INACAP | CFT SANTO TOMAS | IP DR. VIRGINIO GOMEZ G. | UNIVERSIDAD DE SANTIAGO DE CHILE | UNIVERSIDAD TECNICA FEDERICO SANTA MARIA
Administración Gastronómica,4,4,4,3,1,850000,850000,950000,57735.0269189626,Administración de Artes Culinarias y Servicios | Administración Gastronómica Internacional | Gastronomía Internacional | Licenciatura en Artes Culinarias y Gastronomía y Negocios Gastronómicos,IP DUOC UC | IP INACAP | IP INSTITUTO INTERNACIONAL DE ARTES CULINARIAS Y SERVICIOS | UNIVERSIDAD DE LAS AMERICAS
Ciencias Políticas,7,4,7,3,4,1450000,1550000,1550000,57735.0269189626,Ciencia Política | Ciencia Política y Relaciones Internacionales | Ciencias Políticas y Administrativas | Ciencias Políticas y Políticas Públicas,PONTIFICIA UNIVERSIDAD CATOLICA DE CHILE | UNIVERSIDAD ALBERTO HURTADO | UNIVERSIDAD CATOLICA DE TEMUCO | UNIVERSIDAD CENTRAL DE CHILE | UNIVERSIDAD DE LOS LAGOS | UNIVERSIDAD DEL DESARROLLO | UNIVERSIDAD DIEGO PORTALES
Ingeniería Agrícola,4,4,4,4,0,1050000,1050000,1150000,50000,Ingeniería Agrícola | Ingeniería Agrícola e Ingeniería en Producción Ganadera | Ingeniería Agrícola y de Ejecución Agropecuaria | Ingeniería de Ejecución en Agronomía,IP AGRARIO ADOLFO MATTHEI | IP DUOC UC | IP INACAP | IP SANTO TOMAS
Ingeniería Civil Metalúrgica,7,4,7,6,1,2150000,3250000,4e+06,679460.57035465,Ingeniería Civil en Metalurgia | Ingeniería Civil Metalurgia | Ingeniería Civil Metalurgia Extractiva | Ingeniería Civil Metalúrgica,PONTIFICIA UNIVERSIDAD CATOLICA DE VALPARAISO | UNIVERSIDAD ANDRES BELLO | UNIVERSIDAD CATOLICA DEL NORTE | UNIVERSIDAD DE ATACAMA | UNIVERSIDAD DE CONCEPCION | UNIVERSIDAD DE SANTIAGO DE CHILE | UNIVERSIDAD TECNICA FEDERICO SANTA MARIA
Ingeniería Industrial,11,4,11,7,4,1350000,1850000,1950000,241029.537806548,"Ingeniería de Ejecución en Gestión Industrial, en Mantenimiento Industrial, y en Fabricación y Diseño Industrial | Ingeniería de Ejecución Industrial | Ingeniería en Industria y Logística | Ingeniería Industrial",IP IACC | UNIVERSIDAD ANDRES BELLO | UNIVERSIDAD ARTURO PRAT | UNIVERSIDAD CATOLICA DE LA SANTISIMA CONCEPCION | UNIVERSIDAD DE LAS AMERICAS | UNIVERSIDAD DE SANTIAGO DE CHILE | UNIVERSIDAD DIEGO PORTALES | UNIVERSIDAD SAN SEBASTIAN
"Ingeniería en Automatización, Instrumentación y Control",5,4,5,2,3,1850000,2e+06,2150000,212132.034355964,"Ingeniería de Ejecución en Control e Instrumentación Industrial | Ingeniería en Automatización y Control Industrial | Ingeniería en Automatización y Control Industrial, y Robótica | Ingeniería en Automatización y Robótica",IP INACAP | IP SANTO TOMAS | UNIVERSIDAD ANDRES BELLO | UNIVERSIDAD TECNICA FEDERICO SANTA MARIA | UNIVERSIDAD TECNOLOGICA DE CHILE INACAP
Ingeniería en Biotecnología y Bioingeniería,7,4,7,2,5,1150000,1250000,1350000,141421.35623731,Bioingeniería e Ingeniería en Biotecnología | Ingeniería en Bioprocesos | Ingeniería en Biotecnología | Ingeniería en Biotecnología Molecular,PONTIFICIA UNIVERSIDAD CATOLICA DE VALPARAISO | UNIVERSIDAD ANDRES BELLO | UNIVERSIDAD CATOLICA DEL MAULE | UNIVERSIDAD DE CHILE | UNIVERSIDAD DE CONCEPCION | UNIVERSIDAD DE SANTIAGO DE CHILE | UNIVERSIDAD TECNOLOGICA METROPOLITANA
Ingeniería en Comercio Exterior,6,4,6,3,3,1250000,1350000,1550000,152752.523165195,Ingeniería en Comercio Exterior | Ingeniería en Comercio Internacional | Ingeniería en Gestión de Negocios Internacionales | Ingeniería en Negocios Internacionales,IP DUOC UC | IP ESCUELA DE COMERCIO DE SANTIAGO | IP INACAP | UNIVERSIDAD DE VALPARAISO | UNIVERSIDAD DE VIÑA DEL MAR | UNIVERSIDAD TECNOLOGICA METROPOLITANA
Ingeniería en Conectividad y Redes,4,4,4,3,1,1450000,1550000,2050000,321455.025366432,"Ingeniería de Ejecución en Administración de Redes y en Ciberseguridad | Ingeniería en Ciberseguridad | Ingeniería en Conectividad y Redes | Ingeniería en Conectividad y Redes, y en Ciberseguridad",IP AIEP | IP DUOC UC | IP SAN SEBASTIAN | UNIVERSIDAD TECNOLOGICA DE CHILE INACAP
Ingeniería en Geomensura y Cartografía,5,4,5,2,3,1550000,1650000,1750000,141421.35623731,"Ingeniería de Ejecución en Geomensura | Ingeniería en Geomensura | Ingeniería en Geomensura, Cartografía y Geomática | Ingeniería Geomática",IP INACAP | IP SANTO TOMAS | UNIVERSIDAD DE CONCEPCION | UNIVERSIDAD DE SANTIAGO DE CHILE | UNIVERSIDAD TECNOLOGICA METROPOLITANA
Ingeniería en Recursos Humanos,4,4,4,4,0,1150000,1250000,1550000,173205.080756888,Ingeniería en Administración de Recursos Humanos | Ingeniería en Administración de Recursos Humanos y Gestión de Personas | Ingeniería en Recursos Humanos | Tecnnología en Administración de Personal,IP DUOC UC | IP LATINOAMERICANO DE COMERCIO EXTERIOR - IPLACEX | IP SANTO TOMAS | UNIVERSIDAD DE SANTIAGO DE CHILE
"Pedagogía en Historia, Geografía y Ciencias Sociales",14,4,14,10,4,1050000,1100000,1250000,69920.5898780101,"Pedagogía en Historia y Ciencias Sociales | Pedagogía en Historia y Geografía | Pedagogía en Historia, Geografía y Ciencias Sociales | Pedagogía en Historia, Geografía y Educación Cívica",PONTIFICIA UNIVERSIDAD CATOLICA DE VALPARAISO | UNIVERSIDAD ALBERTO HURTADO | UNIVERSIDAD AUTONOMA DE CHILE | UNIVERSIDAD CATOLICA CARDENAL RAUL SILVA HENRIQUEZ | UNIVERSIDAD DE CONCEPCION | UNIVERSIDAD DE LA FRONTERA | UNIVERSIDAD DE LA SERENA | UNIVERSIDAD DE PLAYA ANCHA DE CIENCIAS DE LA EDUCACION
Técnico Veterinario,5,4,5,3,2,750000,750000,750000,0,Técnico de Nivel Superior Veterinario | Técnico en Veterinaria y Producción Pecuaria | Técnico Veterinario | Técnico Veterinario y Pecuario,CFT DEL MEDIO AMBIENTE | CFT LAPLACE | CFT SANTO TOMAS | IP DUOC UC | UNIVERSIDAD DE LAS AMERICAS
Técnico en Administración de Redes y Soporte,4,4,4,4,0,950000,1050000,1350000,173205.080756888,"Técnico en Administración de Redes Computacionales | Técnico en Conectividad y Redes | Técnico en Conectividad y Redes, y en Ciberseguridad | Técnico en Instalación y Mantención en Redes",IP AIEP | IP DUOC UC | IP SAN SEBASTIAN | IP SANTO TOMAS
Técnico en Alimentos,4,4,4,2,2,850000,9e+05,950000,70710.6781186548,Técnico en Alimentación y Dietética | Técnico en Calidad de Alimentos | Técnico en Procesos y Controles de Calidad Alimentaria | Técnico Universitario en Industria Alimentaria y en Gestión y Desarrollo de Productos Alimentarios,CFT DE ENAC | CFT SAN AGUSTIN | IP DUOC UC | UNIVERSIDAD DE LOS LAGOS
Técnico en Servicio Social,13,4,13,6,7,750000,850000,950000,75277.2652709081,Técnico de Nivel Superior en Servicio Social | Técnico de Nivel Superior en Servicio Social y en Trabajo Social | Técnico de Nivel Superior en Trabajo Social | Técnico en Trabajo Social,CFT DE ENAC | CFT DE LA REGION DE ARICA Y PARINACOTA | CFT LOTA-ARAUCO | CFT PUCV | CFT SAN AGUSTIN | IP AIEP | IP DE CHILE | IP DEL VALLE CENTRAL
Actuación y Teatro,6,3,6,0,6,,,,,Actuación | Teatro | Teatro y Cominucación Escénica,"IP AIEP | IP DUOC UC | PONTIFICIA UNIVERSIDAD CATOLICA DE CHILE | UNIVERSIDAD DE ARTES, CIENCIAS Y COMUNICACION - UNIACC | UNIVERSIDAD DE VALPARAISO | UNIVERSIDAD MAYOR"
Animación Digital,5,3,5,2,3,850000,950000,1050000,141421.35623731,Animación 3D | Animación Digital | Animación Digital y Multimedia,IP ARCOS | IP DUOC UC | IP SANTO TOMAS | UNIVERSIDAD DE LAS AMERICAS | UNIVERSIDAD MAYOR
Diseño de Vestuario,3,3,3,2,1,950000,950000,950000,0,Diseño de Vestuario | Diseño de Vestuario y de Moda | Diseño de Vestuario y Textil,IP DUOC UC | IP INACAP | UNIVERSIDAD ANDRES BELLO
Ingeniería Civil Eléctrica,10,3,10,5,5,2150000,2750000,2750000,268328.157299975,Ingeniería Civil Eléctrica | Ingeniería Civil Electricista | Ingeniería Civil en Electricidad,PONTIFICIA UNIVERSIDAD CATOLICA DE CHILE | PONTIFICIA UNIVERSIDAD CATOLICA DE VALPARAISO | UNIVERSIDAD DE CHILE | UNIVERSIDAD DE CONCEPCION | UNIVERSIDAD DE LA FRONTERA | UNIVERSIDAD DE LOS ANDES | UNIVERSIDAD DE SANTIAGO DE CHILE | UNIVERSIDAD DE TARAPACA
Ingeniería Civil Mecánica,12,3,12,7,5,2150000,2750000,2750000,269920.623252731,Ingeniería Civil en Mecánica | Ingeniería Civil Mecánica | Ingeniería Civil Mecánico,PONTIFICIA UNIVERSIDAD CATOLICA DE CHILE | PONTIFICIA UNIVERSIDAD CATOLICA DE VALPARAISO | UNIVERSIDAD AUSTRAL DE CHILE | UNIVERSIDAD DE CHILE | UNIVERSIDAD DE CONCEPCION | UNIVERSIDAD DE LA FRONTERA | UNIVERSIDAD DE LA SERENA | UNIVERSIDAD DE SANTIAGO DE CHILE
Ingeniería Civil en Minas,13,3,13,7,6,2150000,3250000,4e+06,752139.804633611,Ingeniería Civil de Minas | Ingeniería Civil en Minas | Ingeniería Civil en Minas y en Procesos Minerales,PONTIFICIA UNIVERSIDAD CATOLICA DE VALPARAISO | UNIVERSIDAD ANDRES BELLO | UNIVERSIDAD ARTURO PRAT | UNIVERSIDAD CATOLICA DEL NORTE | UNIVERSIDAD DE ANTOFAGASTA | UNIVERSIDAD DE ATACAMA | UNIVERSIDAD DE CHILE | UNIVERSIDAD DE CONCEPCION
Ingeniería en Control de Gestión,9,3,9,4,5,1650000,1750000,2450000,378593.889720018,Ingeniería de Ejecución en Control de Gestión | Ingeniería en Control de Gestión | Ingeniería en Información y Control de Gestión,UNIVERSIDAD ANDRES BELLO | UNIVERSIDAD ARTURO PRAT | UNIVERSIDAD AUSTRAL DE CHILE | UNIVERSIDAD CATOLICA DEL NORTE | UNIVERSIDAD DE CHILE | UNIVERSIDAD DE TARAPACA | UNIVERSIDAD DIEGO PORTALES | UNIVERSIDAD FINIS TERRAE
Ingeniería en Finanzas,3,3,3,1,2,1450000,1450000,1450000,,Ingeniería en Administración mención Finanzas | Ingeniería en Finanzas | Ingeniería Financiera,IP DUOC UC | IP ESCUELA DE COMERCIO DE SANTIAGO | IP INSTITUTO DE ESTUDIOS BANCARIOS GUILLERMO SUBERCASEAUX
Ingeniería en Logística,3,3,3,2,1,1450000,1550000,1650000,141421.35623731,Ingeniería en Administración Logística | Ingeniería en Gestión Logística | Ingeniería en Logística,IP DUOC UC | IP ESCUELA DE COMERCIO DE SANTIAGO | UNIVERSIDAD ARTURO PRAT
Ingeniería en Mecánica Automotriz,4,3,4,4,0,1150000,1200000,1450000,141421.35623731,"Ingeniería en Maquinaria, Vehículos Automotrices y, Mecánica y Electromovilidad | Ingeniería en Mecánica Automotriz y Autotrónica | Ingeniería en Mecánica Automotriz y Autotrónica, e Ingeniería en Maquinarias y Vehículos Pesados",IP AIEP | IP DE CHILE | IP DUOC UC | IP INACAP
Ingeniería en Química,4,3,4,3,1,1350000,1550000,1650000,152752.523165195,Ingeniería de Ejecución en Química | Ingeniería en Química | Ingeniería en Química Industrial,IP INACAP | IP SANTO TOMAS | UNIVERSIDAD DE SANTIAGO DE CHILE | UNIVERSIDAD TECNOLOGICA METROPOLITANA
Ingeniería en Recursos Renovables,4,3,4,2,2,1250000,1500000,1750000,353553.390593274,Ingeniería en Conservación de Recursos Naturales | Ingeniería en Recursos Naturales | Ingeniería en Recursos Naturales Renovables,UNIVERSIDAD AUSTRAL DE CHILE | UNIVERSIDAD DE CHILE | UNIVERSIDAD DE CONCEPCION | UNIVERSIDAD DE LA FRONTERA
Obstetricia y Puericultura,15,3,15,13,2,1550000,1650000,1850000,89871.7034272917,Obstetricia | Obstetricia y Neonatología | Obstetricia y Puericultura,UNIVERSIDAD ANDRES BELLO | UNIVERSIDAD AUSTRAL DE CHILE | UNIVERSIDAD AUTONOMA DE CHILE | UNIVERSIDAD BERNARDO O'HIGGINS | UNIVERSIDAD DE ANTOFAGASTA | UNIVERSIDAD DE CHILE | UNIVERSIDAD DE CONCEPCION | UNIVERSIDAD DE LA FRONTERA
"Química, Licenciado en Química",3,3,3,0,3,,,,,Química | Química y Licenciatura en Ciencias mención en Química | Química y Licenciatura en Química,PONTIFICIA UNIVERSIDAD CATOLICA DE CHILE | UNIVERSIDAD DE CHILE | UNIVERSIDAD DE SANTIAGO DE CHILE
Realizador de Cine y Televisión,6,3,6,1,5,1050000,1050000,1050000,,Cine | Cine y Artes Visuales | Cine y Televisión,IP ARCOS | UNIVERSIDAD ACADEMIA DE HUMANISMO CRISTIANO | UNIVERSIDAD DE CHILE | UNIVERSIDAD DE VALPARAISO | UNIVERSIDAD DEL DESARROLLO | UNIVERSIDAD MAYOR
Relaciones Públicas,5,3,5,3,2,1050000,1150000,1150000,57735.0269189626,Relaciones Públicas | Relaciones Públicas Corporativas | Relaciones Públicas y Comunicación Estratrégica,IP AIEP | IP DUOC UC | UNIVERSIDAD AUTONOMA DE CHILE | UNIVERSIDAD DE LAS AMERICAS | UNIVERSIDAD SANTO TOMAS
Técnico Dental y Asistente de Odontología,9,3,9,6,3,650000,750000,750000,40824.8290463863,Técnico de Nivel Superior en Odontología | Técnico en Odontología | Técnico Higienista dental y Odontología,CFT DE ENAC | CFT INACAP | CFT PUCV | CFT SAN AGUSTIN | CFT SANTO TOMAS | CFT TEODORO WICKEL KLUWEN | IP AIEP | IP DR. VIRGINIO GOMEZ G.
Técnico en Administración Financiera y Finanzas,3,3,3,3,0,1150000,1150000,1150000,0,Técnico en Administración Financiera y Finanzas | Técnico en Finanzas | Técnico Financiero,CFT ESCUELA DE COMERCIO | IP DUOC UC | IP INSTITUTO DE ESTUDIOS BANCARIOS GUILLERMO SUBERCASEAUX
Técnico en Administración en Marketing,3,3,3,0,3,,,,,Técnico en Marketing | Técnico en Marketing Digital | Técnico en Marketing y Gestión Comercial,CFT ESCUELA DE COMERCIO | IP AIEP | IP DUOC UC
Técnico en Comercio Exterior,6,3,6,5,1,1050000,1150000,1150000,54772.2557505166,Técnico de Nivel Superior en Comercio Exterior | Técnico en Administración en Comercio Exterior | Técnico en Comercio Exterior,CFT ESCUELA DE COMERCIO | CFT INACAP | CFT SANTO TOMAS | IP DUOC UC | IP ESUCOMEX | UNIVERSIDAD ARTURO PRAT
Técnico en Comunicación Audiovisual,3,3,3,3,0,850000,850000,950000,57735.0269189626,"Técnico Audiovisual | Técnico en Comunicación Audiovisual Digital | Técnico en Locución y Conducción de Radio y Televisión, y Técnico en Producción Audiovisual",IP AIEP | IP DUOC UC | IP SANTO TOMAS
Técnico en Energía,3,3,3,0,3,,,,,Técnico en Energía Solar | Técnico en Energías Renovables y Eficiencia Energética | Técnico Universitario en Energía Renovable,IP DUOC UC | IP SANTO TOMAS | UNIVERSIDAD TECNICA FEDERICO SANTA MARIA
Técnico en Farmacia,6,3,6,2,4,950000,1e+06,1050000,70710.6781186548,Técnico de Nivel Superior en Farmacia | Técnico en Farmacia | Técnico en Química y Farmacia,CFT CENCO | CFT DE ENAC | CFT INACAP | CFT SANTO TOMAS | IP DUOC UC | IP LOS LEONES
Técnico en Radiología y Radioterapia,3,3,3,2,1,850000,850000,850000,0,Técnico de Radiodiagnóstico y Radioterapia | Técnico en Imagenología | Técnico en Imagenología y Radioterapia,CFT DE ENAC | IP AIEP | IP DUOC UC
Técnico en Telecomunicaciones,3,3,3,2,1,950000,1050000,1150000,141421.35623731,"Técnico en Telecomunicaciones y Administración de Redes | Técnico en Telecomunicaciones, Conectividad y Redes | Técnico Universitario en Telecomunicaciones y Redes",CFT INACAP | IP DUOC UC | UNIVERSIDAD TECNICA FEDERICO SANTA MARIA
Técnico en Topografía,6,3,6,4,2,1250000,1250000,1250000,0,Técnico en Topografía | Técnico Universitario en Topografía | Técnico Universitario en Topografía y Geomensura,CFT INACAP | CFT SANTO TOMAS | IP AIEP | IP DUOC UC | UNIVERSIDAD CATOLICA DE LA SANTISIMA CONCEPCION | UNIVERSIDAD CATOLICA DE TEMUCO
Técnico en Traducción e Interpretariado,3,3,3,2,1,850000,850000,850000,0,"Técnico de Nivel Superior Traductor Bilingüe Inglés-Español | Técnico en Interpretación de Enlace Inglés-Castellano, y Técnico en Inglés | Técnico en Traducción Inglés-Español",IP CHILENO BRITANICO DE CULTURA | IP EATRI | UNIVERSIDAD ARTURO PRAT
Agronomía,12,2,12,9,3,1150000,1550000,1950000,252212.432507026,Agronomía | Ingeniería Agronómica,PONTIFICIA UNIVERSIDAD CATOLICA DE CHILE | PONTIFICIA UNIVERSIDAD CATOLICA DE VALPARAISO | UNIVERSIDAD AUSTRAL DE CHILE | UNIVERSIDAD CATOLICA DE TEMUCO | UNIVERSIDAD CATOLICA DEL MAULE | UNIVERSIDAD DE CHILE | UNIVERSIDAD DE CONCEPCION | UNIVERSIDAD DE LA FRONTERA
Antropología,7,2,7,2,5,1450000,1650000,1850000,282842.712474619,Antropología | Antropología Arqueología,PONTIFICIA UNIVERSIDAD CATOLICA DE CHILE | UNIVERSIDAD ACADEMIA DE HUMANISMO CRISTIANO | UNIVERSIDAD ALBERTO HURTADO | UNIVERSIDAD AUSTRAL DE CHILE | UNIVERSIDAD DE CHILE | UNIVERSIDAD DE CONCEPCION | UNIVERSIDAD DE TARAPACA
Bibliotecología,2,2,2,0,2,,,,,Bibliotecología | Bibliotecología y Documentación,UNIVERSIDAD DE PLAYA ANCHA DE CIENCIAS DE LA EDUCACION | UNIVERSIDAD TECNOLOGICA METROPOLITANA
Biología,2,2,2,0,2,,,,,Biología | Licenciatura en Ciencias mención Biología y Biología con Mención en Medio Ambiente,PONTIFICIA UNIVERSIDAD CATOLICA DE CHILE | UNIVERSIDAD DE CHILE
Diseño Industrial,4,2,4,1,3,1050000,1050000,1050000,,Diseño Industrial | Tecnología en Diseño Industrial y Diseño Industrial,IP DUOC UC | UNIVERSIDAD DE SANTIAGO DE CHILE | UNIVERSIDAD DEL BIO-BIO | UNIVERSIDAD TECNOLOGICA METROPOLITANA
Ingeniería Civil Industrial,34,2,34,29,5,1650000,2150000,3250000,417770.295383041,Ingeniería Civil de Industrias | Ingeniería Civil Industrial,PONTIFICIA UNIVERSIDAD CATOLICA DE CHILE | PONTIFICIA UNIVERSIDAD CATOLICA DE VALPARAISO | UNIVERSIDAD ADOLFO IBAÑEZ | UNIVERSIDAD ANDRES BELLO | UNIVERSIDAD ARTURO PRAT | UNIVERSIDAD AUSTRAL DE CHILE | UNIVERSIDAD AUTONOMA DE CHILE | UNIVERSIDAD CATOLICA DE LA SANTISIMA CONCEPCION
Ingeniería Civil Química,6,2,6,5,1,2050000,2150000,2750000,349284.98393146,Ingeniería Civil en Química | Ingeniería Civil Química,PONTIFICIA UNIVERSIDAD CATOLICA DE VALPARAISO | UNIVERSIDAD DE CHILE | UNIVERSIDAD DE CONCEPCION | UNIVERSIDAD DE SANTIAGO DE CHILE | UNIVERSIDAD DEL BIO-BIO | UNIVERSIDAD TECNICA FEDERICO SANTA MARIA
Ingeniería Civil en Obras Civiles,8,2,8,6,2,1750000,2e+06,2450000,296647.939483827,"Ingeniería Civil en Obras Civiles | Ingeniería Civil, Diplomas en Diseño y Construcción de Obras e Ingeniería y Gestión de la Construcción",PONTIFICIA UNIVERSIDAD CATOLICA DE CHILE | UNIVERSIDAD AUSTRAL DE CHILE | UNIVERSIDAD CATOLICA DE TEMUCO | UNIVERSIDAD DE LOS ANDES | UNIVERSIDAD DE SANTIAGO DE CHILE | UNIVERSIDAD DEL DESARROLLO | UNIVERSIDAD DIEGO PORTALES | UNIVERSIDAD TECNOLOGICA METROPOLITANA
Ingeniería en Alimentos,3,2,3,0,3,,,,,Ingeniería de Ejecución en Alimentos | Ingeniería en Alimentos,UNIVERSIDAD DE LOS LAGOS | UNIVERSIDAD DE SANTIAGO DE CHILE | UNIVERSIDAD DEL BIO-BIO
Ingeniería en Electrónica,2,2,2,2,0,1450000,1550000,1650000,141421.35623731,Ingeniería de Ejecución en Electrónica | Ingeniería Electrónica,UNIVERSIDAD DEL BIO-BIO | UNIVERSIDAD TECNOLOGICA DE CHILE INACAP
Ingeniería en Medio Ambiente,5,2,5,4,1,1250000,1500000,1550000,141421.35623731,Ingeniería Ambiental | Ingeniería en Medio Ambiente,IP DUOC UC | UNIVERSIDAD ANDRES BELLO | UNIVERSIDAD DE CONCEPCION | UNIVERSIDAD DE SANTIAGO DE CHILE | UNIVERSIDAD DE VALPARAISO
Ingeniería en Metalurgia,2,2,2,2,0,1650000,1750000,1850000,141421.35623731,Ingeniería de Ejecución en Metalurgia | Ingeniería en Metalurgia,IP INACAP | UNIVERSIDAD DE SANTIAGO DE CHILE
Ingeniería en Minas,8,2,8,7,1,1450000,1750000,2750000,442396.073348629,Ingeniería de Ejecución en Minas | Ingeniería en Minas,IP DE CHILE | IP DR. VIRGINIO GOMEZ G. | IP INACAP | UNIVERSIDAD DE ACONCAGUA | UNIVERSIDAD DE ATACAMA | UNIVERSIDAD DE LA SERENA | UNIVERSIDAD DE LAS AMERICAS | UNIVERSIDAD DE SANTIAGO DE CHILE
Ingeniería en Seguridad Privada,2,2,2,2,0,1750000,1800000,1850000,70710.6781186548,"Ingeniería de Ejedución en Gestión en Seguridad Privada | Ingeniería en Administración, mención en Seguridad Privada",IP DEL VALLE CENTRAL | IP LATINOAMERICANO DE COMERCIO EXTERIOR - IPLACEX
Ingeniería en Sonido,2,2,2,2,0,950000,1e+06,1050000,70710.6781186548,Ingeniería en Ejecución en Sonido | Ingeniería en Sonido,IP AIEP | IP DUOC UC
Kinesiología,39,2,39,30,9,1150000,1350000,1650000,134762.455974318,Kinesiología | Kinesiología y Rehabilitación,IP DE CHILE | PONTIFICIA UNIVERSIDAD CATOLICA DE CHILE | PONTIFICIA UNIVERSIDAD CATOLICA DE VALPARAISO | UNIVERSIDAD ANDRES BELLO | UNIVERSIDAD ARTURO PRAT | UNIVERSIDAD AUSTRAL DE CHILE | UNIVERSIDAD AUTONOMA DE CHILE | UNIVERSIDAD BERNARDO O'HIGGINS
Nutrición y Dietética,28,2,28,22,6,950000,1150000,1350000,113293.85612423,Nutrición y Alimentación | Nutrición y Dietética,IP DE CHILE | PONTIFICIA UNIVERSIDAD CATOLICA DE CHILE | UNIVERSIDAD ANDRES BELLO | UNIVERSIDAD AUTONOMA DE CHILE | UNIVERSIDAD BERNARDO O'HIGGINS | UNIVERSIDAD CATOLICA DE LA SANTISIMA CONCEPCION | UNIVERSIDAD CATOLICA DE TEMUCO | UNIVERSIDAD CATOLICA DEL MAULE
Periodismo,24,2,24,15,9,1150000,1350000,1550000,151185.789203691,Periodismo | Periodismo - Dirección Audiovisual - Publicidad,PONTIFICIA UNIVERSIDAD CATOLICA DE CHILE | PONTIFICIA UNIVERSIDAD CATOLICA DE VALPARAISO | UNIVERSIDAD ADOLFO IBAÑEZ | UNIVERSIDAD ALBERTO HURTADO | UNIVERSIDAD ANDRES BELLO | UNIVERSIDAD AUSTRAL DE CHILE | UNIVERSIDAD CATOLICA DE LA SANTISIMA CONCEPCION | UNIVERSIDAD CATOLICA DEL NORTE
Publicidad,13,2,13,7,6,1050000,1250000,1650000,213808.99352994,Publicidad | Publicista y Comunicación Integral,"IP AIEP | IP DUOC UC | IP SANTO TOMAS | PONTIFICIA UNIVERSIDAD CATOLICA DE CHILE | UNIVERSIDAD ANDRES BELLO | UNIVERSIDAD AUTONOMA DE CHILE | UNIVERSIDAD CENTRAL DE CHILE | UNIVERSIDAD DE ARTES, CIENCIAS Y COMUNICACION - UNIACC"
Trabajo Social,40,2,40,26,14,950000,1050000,1450000,117211.183504227,Servicio Social | Trabajo Social,IP AIEP | IP DE CHILE | IP DEL VALLE CENTRAL | IP IACC | IP LATINOAMERICANO DE COMERCIO EXTERIOR - IPLACEX | IP LOS LEONES | IP PROVIDENCIA | IP SANTO TOMAS
Técnico Jurídico,3,2,3,2,1,850000,9e+05,950000,70710.6781186548,Técnico de Nivel Superior en Asistencia Jurídica | Técnico Jurídico,CFT DE LA REGION DE ARICA Y PARINACOTA | CFT SANTO TOMAS | IP AIEP
Técnico en Administración Pública o Municipal,4,2,4,0,4,,,,,Técnico de Nivel Superior en Administración Pública | Técnico en Administración Pública,CFT PUCV | IP AIEP | IP IACC | IP LATINOAMERICANO DE COMERCIO EXTERIOR - IPLACEX
Técnico en Dibujo Arquitectónico,2,2,2,2,0,950000,950000,950000,0,"Dibujo Arquitectónico y Estructural, y Modelamiento Arquitectónico y Estructural | Dibujo de Arquitectura y Obras Civiles",IP AIEP | IP DUOC UC
Técnico en Diseño Gráfico,2,2,2,2,0,850000,850000,850000,0,"Técnico en Diseño Gráfico | Técnico en Diseño Gráfico, Digital y Publicitario",IP AIEP | IP SANTO TOMAS
Técnico en Electromecánica,3,2,3,1,2,1250000,1250000,1250000,,Técnico en Electromecánica | Técnico en Mantenimiento Electromecánico,CFT CEDUC - UCN | CFT INACAP | IP DUOC UC
Técnico en Electrónica y Electrónica Industrial,2,2,2,2,0,1150000,1200000,1250000,70710.6781186548,Técnico en Electrónica y Electrónica Industrial | Técnico Universitario en Electrónica,CFT INACAP | UNIVERSIDAD TECNICA FEDERICO SANTA MARIA
Técnico en Geología,2,2,2,1,1,950000,950000,950000,,Técnico de Nivel Superior en Geología | Técnico en Geología y Control en Sondaje,CFT DE LA REGION DE ARICA Y PARINACOTA | IP DUOC UC
Técnico en Medio Ambiente (Control y Gestión),2,2,2,0,2,,,,,Técnico en Gestión de Medio Ambiente | Técnico Universitario en Control Medio Ambiente,CFT SANTO TOMAS | UNIVERSIDAD TECNICA FEDERICO SANTA MARIA
Técnico en Metalurgia,2,2,2,2,0,1750000,1900000,2050000,212132.034355964,Técnico en Metalurgia Extractiva | Técnico Universitario y Tecnólogo en Metalurgia,CFT INACAP | UNIVERSIDAD DE ATACAMA
Técnico en Podología,4,2,4,1,3,750000,750000,750000,,Técnico de Nivel Superior en Podología | Técnico en Podología Clínica,CFT DE ENAC | CFT SANTO TOMAS | IP AIEP | IP DEL VALLE CENTRAL
Técnico en Prevención y Rehabilitación,2,2,2,0,2,,,,,Técnico en Intervención y Rehabilitación Psicosocial | Técnico en Prevención y Rehabilitación de Adicciones,CFT CEDUC - UCN | CFT DE ENAC
Técnico en Producción Gráfica y Multimedia,2,2,2,1,1,850000,850000,850000,,Técnico en Diseño de Videojuegos | Técnico en Diseño y Producción Gráfica,CFT INACAP | IP SANTO TOMAS
Técnico en Sonido,4,2,4,2,2,750000,750000,750000,0,Técnico en Sonido | Tecnología en Sonido,IP AIEP | IP DE CHILE | IP DUOC UC | IP SANTO TOMAS
Administración Pública,16,1,16,8,8,1250000,1550000,1750000,177281.052085584,Administración Pública,IP LATINOAMERICANO DE COMERCIO EXTERIOR - IPLACEX | UNIVERSIDAD ACADEMIA DE HUMANISMO CRISTIANO | UNIVERSIDAD ALBERTO HURTADO | UNIVERSIDAD AUSTRAL DE CHILE | UNIVERSIDAD AUTONOMA DE CHILE | UNIVERSIDAD CATOLICA DE TEMUCO | UNIVERSIDAD CENTRAL DE CHILE | UNIVERSIDAD DE ANTOFAGASTA
Analista Químico,1,1,1,0,1,,,,,Químico Laboratorista,UNIVERSIDAD DE LA SERENA
Arqueología,1,1,1,0,1,,,,,Arqueología,UNIVERSIDAD ALBERTO HURTADO
Arquitectura,22,1,22,17,5,1250000,1350000,1550000,116946.443247477,Arquitectura,PONTIFICIA UNIVERSIDAD CATOLICA DE CHILE | PONTIFICIA UNIVERSIDAD CATOLICA DE VALPARAISO | UNIVERSIDAD ANDRES BELLO | UNIVERSIDAD AUSTRAL DE CHILE | UNIVERSIDAD AUTONOMA DE CHILE | UNIVERSIDAD CATOLICA DEL NORTE | UNIVERSIDAD CENTRAL DE CHILE | UNIVERSIDAD DE CHILE
Biología Marina y Ecología Marina,1,1,1,0,1,,,,,Biología Marina,UNIVERSIDAD DE VALPARAISO
Bioquímica,7,1,7,2,5,1450000,1450000,1450000,0,Bioquímica,PONTIFICIA UNIVERSIDAD CATOLICA DE CHILE | PONTIFICIA UNIVERSIDAD CATOLICA DE VALPARAISO | UNIVERSIDAD AUSTRAL DE CHILE | UNIVERSIDAD DE CHILE | UNIVERSIDAD DE CONCEPCION | UNIVERSIDAD DE LA FRONTERA | UNIVERSIDAD DE SANTIAGO DE CHILE
Biotecnología ,1,1,1,0,1,,,,,Biotecnología ,UNIVERSIDAD MAYOR
Construcción Civil,11,1,11,9,2,1350000,1350000,1850000,244948.974278318,Construcción Civil,IP AIEP | IP INACAP | IP LOS LAGOS | IP SANTO TOMAS | PONTIFICIA UNIVERSIDAD CATOLICA DE CHILE | UNIVERSIDAD CATOLICA DE LA SANTISIMA CONCEPCION | UNIVERSIDAD DE LAS AMERICAS | UNIVERSIDAD DE LOS LAGOS
Derecho,31,1,31,26,5,1450000,1850000,2750000,335582.157772705,Derecho,PONTIFICIA UNIVERSIDAD CATOLICA DE CHILE | PONTIFICIA UNIVERSIDAD CATOLICA DE VALPARAISO | UNIVERSIDAD ADOLFO IBAÑEZ | UNIVERSIDAD ALBERTO HURTADO | UNIVERSIDAD ANDRES BELLO | UNIVERSIDAD ARTURO PRAT | UNIVERSIDAD AUSTRAL DE CHILE | UNIVERSIDAD AUTONOMA DE CHILE
Diseño,9,1,9,5,4,1150000,1450000,1650000,230217.288664427,Diseño,PONTIFICIA UNIVERSIDAD CATOLICA DE CHILE | UNIVERSIDAD DE CHILE | UNIVERSIDAD DE LA SERENA | UNIVERSIDAD DE TALCA | UNIVERSIDAD DE VALPARAISO | UNIVERSIDAD DEL DESARROLLO | UNIVERSIDAD DIEGO PORTALES | UNIVERSIDAD FINIS TERRAE
Diseño de Ambientes e Interiores,1,1,1,1,0,950000,950000,950000,,Diseño de Ambientes,IP DUOC UC
Enfermería,43,1,43,39,4,1550000,1750000,2150000,156935.910141809,Enfermería,PONTIFICIA UNIVERSIDAD CATOLICA DE CHILE | UNIVERSIDAD ADVENTISTA DE CHILE | UNIVERSIDAD ANDRES BELLO | UNIVERSIDAD ARTURO PRAT | UNIVERSIDAD AUSTRAL DE CHILE | UNIVERSIDAD AUTONOMA DE CHILE | UNIVERSIDAD BERNARDO O'HIGGINS | UNIVERSIDAD BOLIVARIANA
Fonoaudiología,26,1,26,19,7,950000,1050000,1350000,111868.761873192,Fonoaudiología,IP DE CHILE | PONTIFICIA UNIVERSIDAD CATOLICA DE CHILE | UNIVERSIDAD ANDRES BELLO | UNIVERSIDAD AUSTRAL DE CHILE | UNIVERSIDAD AUTONOMA DE CHILE | UNIVERSIDAD BERNARDO O'HIGGINS | UNIVERSIDAD CATOLICA CARDENAL RAUL SILVA HENRIQUEZ | UNIVERSIDAD CATOLICA DE TEMUCO
Fotografía,1,1,1,1,0,950000,950000,950000,,Fotografía Profesional,IP ARCOS
Geografía,7,1,7,2,5,1350000,1350000,1350000,0,Geografía,PONTIFICIA UNIVERSIDAD CATOLICA DE CHILE | PONTIFICIA UNIVERSIDAD CATOLICA DE VALPARAISO | UNIVERSIDAD ALBERTO HURTADO | UNIVERSIDAD AUSTRAL DE CHILE | UNIVERSIDAD DE CHILE | UNIVERSIDAD DE CONCEPCION | UNIVERSIDAD DE PLAYA ANCHA DE CIENCIAS DE LA EDUCACION
Geología,9,1,9,4,5,2150000,2750000,2750000,3e+05,Geología,UNIVERSIDAD ANDRES BELLO | UNIVERSIDAD AUSTRAL DE CHILE | UNIVERSIDAD CATOLICA DEL NORTE | UNIVERSIDAD DE ATACAMA | UNIVERSIDAD DE CHILE | UNIVERSIDAD DE CONCEPCION | UNIVERSIDAD DEL DESARROLLO | UNIVERSIDAD MAYOR
Ingeniería Agroindustrial,1,1,1,0,1,,,,,Ingeniería en Administración Agroindustrial,UNIVERSIDAD TECNOLOGICA METROPOLITANA
Ingeniería Civil Ambiental,2,1,2,0,2,,,,,Ingeniería Civil Ambiental,UNIVERSIDAD CATOLICA DEL NORTE | UNIVERSIDAD TECNICA FEDERICO SANTA MARIA
Ingeniería Civil Bioquímica,1,1,1,1,0,1450000,1450000,1450000,,Ingeniería Civil Bioquímica,PONTIFICIA UNIVERSIDAD CATOLICA DE VALPARAISO
Ingeniería Civil Electrónica,3,1,3,3,0,2050000,2450000,2750000,351188.458428425,Ingeniería Civil Electrónica,PONTIFICIA UNIVERSIDAD CATOLICA DE VALPARAISO | UNIVERSIDAD DE CONCEPCION | UNIVERSIDAD TECNICA FEDERICO SANTA MARIA
Ingeniería Civil Matemática y Estadística,2,1,2,0,2,,,,,Ingeniería Civil Matemática,UNIVERSIDAD DE CHILE | UNIVERSIDAD TECNICA FEDERICO SANTA MARIA
Ingeniería Civil en Biomédica,2,1,2,2,0,1850000,1850000,1850000,0,Ingeniería Civil Biomédica,UNIVERSIDAD DE CONCEPCION | UNIVERSIDAD DE VALPARAISO
Ingeniería Civil en Biotecnología y/o Bioingeniería,2,1,2,0,2,,,,,Ingeniería Civil en Biotecnología,PONTIFICIA UNIVERSIDAD CATOLICA DE CHILE | UNIVERSIDAD DE CHILE
Ingeniería Civil en Energía,1,1,1,0,1,,,,,Ingeniería Civil en Energía y Medio Ambiente,UNIVERSIDAD ADOLFO IBAÑEZ
Ingeniería Civil en Telemática,1,1,1,0,1,,,,,Ingeniería Civil Telemática,UNIVERSIDAD TECNICA FEDERICO SANTA MARIA
"Ingeniería Civil, plan común y licenciatura en Ciencias de la Ingeniería",12,1,12,10,2,1750000,2050000,2450000,246080.384337223,Ingeniería Civil,PONTIFICIA UNIVERSIDAD CATOLICA DE VALPARAISO | UNIVERSIDAD ADOLFO IBAÑEZ | UNIVERSIDAD ANDRES BELLO | UNIVERSIDAD CATOLICA DE LA SANTISIMA CONCEPCION | UNIVERSIDAD CATOLICA DEL NORTE | UNIVERSIDAD DE CHILE | UNIVERSIDAD DE CONCEPCION | UNIVERSIDAD DE LA FRONTERA
Ingeniería Comercial,40,1,40,36,4,1250000,1750000,2750000,414144.748869128,Ingeniería Comercial,PONTIFICIA UNIVERSIDAD CATOLICA DE CHILE | PONTIFICIA UNIVERSIDAD CATOLICA DE VALPARAISO | UNIVERSIDAD ADOLFO IBAÑEZ | UNIVERSIDAD ADVENTISTA DE CHILE | UNIVERSIDAD ALBERTO HURTADO | UNIVERSIDAD ANDRES BELLO | UNIVERSIDAD ARTURO PRAT | UNIVERSIDAD AUSTRAL DE CHILE
Ingeniería Forestal,2,1,2,1,1,1650000,1650000,1650000,,Ingeniería Forestal,PONTIFICIA UNIVERSIDAD CATOLICA DE CHILE | UNIVERSIDAD DE CHILE
Ingeniería Marina y Marítimo Portuaria,1,1,1,1,0,2450000,2450000,2450000,,Ingeniero en Marina Mercante y Transporte Marítimo,UNIVERSIDAD ANDRES BELLO
Ingeniería Naval,1,1,1,0,1,,,,,Ingeniería Naval,UNIVERSIDAD AUSTRAL DE CHILE
Ingeniería en Construcción,17,1,17,15,2,1250000,1550000,1850000,163299.316185545,Ingeniería en Construcción,IP DR. VIRGINIO GOMEZ G. | IP DUOC UC | PONTIFICIA UNIVERSIDAD CATOLICA DE VALPARAISO | UNIVERSIDAD ANDRES BELLO | UNIVERSIDAD AUSTRAL DE CHILE | UNIVERSIDAD AUTONOMA DE CHILE | UNIVERSIDAD CATOLICA DEL MAULE | UNIVERSIDAD CATOLICA DEL NORTE
Ingeniería en Energía,1,1,1,0,1,,,,,Ingeniería en Energía y Sustentabilidad Ambiental,UNIVERSIDAD SAN SEBASTIAN
Ingeniería en Gestión Pública,1,1,1,1,0,1150000,1150000,1150000,,Ingeniería en Administración mención Gestión Pública,IP SANTO TOMAS
Ingeniería en Marketing,1,1,1,1,0,1250000,1250000,1250000,,Ingeniería en Marketing y Administración mención Marketing,IP DUOC UC
Ingeniería en Matemática y Estadística,1,1,1,1,0,2750000,2750000,2750000,,Ingeniería en Estadística e Ingeniería en Matemática,UNIVERSIDAD DE SANTIAGO DE CHILE
Ingeniería en Refrigeración y Climatización,1,1,1,1,0,1350000,1350000,1350000,,Ingeniería en Refrigeración y en Climatización,IP INACAP
Ingeniería en Telecomunicaciones,1,1,1,1,0,1550000,1550000,1550000,,"Ingeniería en Telecomunicaciones, Conectividad y Redes",IP INACAP
Ingeniería en Transporte y Tránsito,1,1,1,0,1,,,,,Ingeniería en Transporte y Tránsito,PONTIFICIA UNIVERSIDAD CATOLICA DE VALPARAISO
Medicina,22,1,22,21,1,3250000,4e+06,4e+06,301780.431061109,Medicina,PONTIFICIA UNIVERSIDAD CATOLICA DE CHILE | UNIVERSIDAD ANDRES BELLO | UNIVERSIDAD AUSTRAL DE CHILE | UNIVERSIDAD AUTONOMA DE CHILE | UNIVERSIDAD CATOLICA DE LA SANTISIMA CONCEPCION | UNIVERSIDAD CATOLICA DEL MAULE | UNIVERSIDAD CATOLICA DEL NORTE | UNIVERSIDAD DE ANTOFAGASTA
Medicina Veterinaria,11,1,11,9,2,1150000,1350000,1550000,120185.042515466,Medicina Veterinaria,UNIVERSIDAD ANDRES BELLO | UNIVERSIDAD AUSTRAL DE CHILE | UNIVERSIDAD CATOLICA DE TEMUCO | UNIVERSIDAD DE CHILE | UNIVERSIDAD DE CONCEPCION | UNIVERSIDAD DE LAS AMERICAS | UNIVERSIDAD DE VIÑA DEL MAR | UNIVERSIDAD DEL ALBA
Odontología,20,1,20,17,3,1550000,1750000,2350000,186689.424383039,Odontología,PONTIFICIA UNIVERSIDAD CATOLICA DE CHILE | UNIVERSIDAD ANDRES BELLO | UNIVERSIDAD ARTURO PRAT | UNIVERSIDAD AUSTRAL DE CHILE | UNIVERSIDAD AUTONOMA DE CHILE | UNIVERSIDAD DE ANTOFAGASTA | UNIVERSIDAD DE CHILE | UNIVERSIDAD DE CONCEPCION
Pedagogía en Educación Media,1,1,1,1,0,1250000,1250000,1250000,,Pedagogía en Educación Media en Asignaturas Científico Humanistas,UNIVERSIDAD DE CHILE
Pedagogía en Filosofía y Religión,1,1,1,0,1,,,,,Pedagogía en Filosofía,UNIVERSIDAD METROPOLITANA DE CIENCIAS DE LA EDUCACION
Psicología,44,1,44,39,5,1050000,1150000,1550000,130761.292130233,Psicología,PONTIFICIA UNIVERSIDAD CATOLICA DE CHILE | PONTIFICIA UNIVERSIDAD CATOLICA DE VALPARAISO | UNIVERSIDAD ACADEMIA DE HUMANISMO CRISTIANO | UNIVERSIDAD ADOLFO IBAÑEZ | UNIVERSIDAD ADVENTISTA DE CHILE | UNIVERSIDAD ALBERTO HURTADO | UNIVERSIDAD ANDRES BELLO | UNIVERSIDAD ARTURO PRAT
Psicopedagogía,11,1,11,7,4,850000,950000,950000,53452.2483824849,Psicopedagogía,IP AIEP | IP DE CHILE | IP IPG | IP LATINOAMERICANO DE COMERCIO EXTERIOR - IPLACEX | IP LOS LAGOS | IP LOS LEONES | IP SANTO TOMAS | UNIVERSIDAD ANDRES BELLO
Química Industrial,1,1,1,0,1,,,,,Química Industrial,PONTIFICIA UNIVERSIDAD CATOLICA DE VALPARAISO
Química y Farmacia,11,1,11,7,4,2250000,2350000,2350000,53452.2483824849,Química y Farmacia,PONTIFICIA UNIVERSIDAD CATOLICA DE CHILE | UNIVERSIDAD ANDRES BELLO | UNIVERSIDAD AUSTRAL DE CHILE | UNIVERSIDAD AUTONOMA DE CHILE | UNIVERSIDAD CATOLICA DEL NORTE | UNIVERSIDAD DE CHILE | UNIVERSIDAD DE CONCEPCION | UNIVERSIDAD DE LA FRONTERA
Secretariado Bilingüe,1,1,1,1,0,1050000,1050000,1050000,,Asistente Ejecutivo Bilingüe o Asistente Ejecutivo y de Gestión,CFT MANPOWER
Sociología,11,1,11,6,5,1150000,1350000,1650000,186189.867250253,Sociología,PONTIFICIA UNIVERSIDAD CATOLICA DE CHILE | UNIVERSIDAD ACADEMIA DE HUMANISMO CRISTIANO | UNIVERSIDAD ALBERTO HURTADO | UNIVERSIDAD ANDRES BELLO | UNIVERSIDAD CATOLICA CARDENAL RAUL SILVA HENRIQUEZ | UNIVERSIDAD CENTRAL DE CHILE | UNIVERSIDAD DE CHILE | UNIVERSIDAD DE CONCEPCION
Tecnología Médica,21,1,21,15,6,1450000,1750000,2050000,159463.385855724,Tecnología Médica,PONTIFICIA UNIVERSIDAD CATOLICA DE VALPARAISO | UNIVERSIDAD ANDRES BELLO | UNIVERSIDAD AUSTRAL DE CHILE | UNIVERSIDAD BERNARDO O'HIGGINS | UNIVERSIDAD CATOLICA DE LA SANTISIMA CONCEPCION | UNIVERSIDAD CATOLICA DE TEMUCO | UNIVERSIDAD CENTRAL DE CHILE | UNIVERSIDAD DE ANTOFAGASTA
Terapia Ocupacional,19,1,19,15,4,1050000,1250000,1450000,106009.882737862,Terapia Ocupacional,IP DE CHILE | UNIVERSIDAD ANDRES BELLO | UNIVERSIDAD AUSTRAL DE CHILE | UNIVERSIDAD AUTONOMA DE CHILE | UNIVERSIDAD BERNARDO O'HIGGINS | UNIVERSIDAD CATOLICA DE TEMUCO | UNIVERSIDAD CENTRAL DE CHILE | UNIVERSIDAD DE CHILE
Técnico Laboratorista Dental,4,1,4,2,2,750000,8e+05,850000,70710.6781186548,Técnico Laboratorista Dental,CFT SANTO TOMAS | IP AIEP | IP DR. VIRGINIO GOMEZ G. | IP LOS LEONES
Técnico en Acuicultura y Pesca,1,1,1,1,0,1350000,1350000,1350000,,Técnico en Producción Acuícola,CFT SANTO TOMAS
Técnico en Ambientes e Interiores,1,1,1,0,1,,,,,Técnico en Diseño de Espacios y Equipamiento,IP AIEP
Técnico en Bibliotecas y Centros de Documentación,1,1,1,0,1,,,,,Técnico en Bibliotecología y Documentación,CFT DE ENAC
Técnico en Contabilidad Tributaria,1,1,1,0,1,,,,,Técnico de Nivel Superior en Contabilidad y Derecho Tributario,UNIVERSIDAD DIEGO PORTALES
Técnico en Diseño de Vestuario,1,1,1,0,1,,,,,Técnico en Diseño y Producción de Moda,CFT INACAP
Técnico en Fotografía,1,1,1,1,0,950000,950000,950000,,Técnico de Nivel Superior en Fotografía,IP ARCOS
Técnico en Geominería,1,1,1,1,0,1150000,1150000,1150000,,Técnico en Geominería,CFT CEDUC - UCN
Técnico en Masoterapia,4,1,4,3,1,750000,750000,850000,57735.0269189626,Técnico en Masoterapia,CFT DE ENAC | IP AIEP | IP DE CHILE | IP LOS LEONES
Técnico en Mecatrónica,1,1,1,0,1,,,,,Técnico Universitario en Robótica y Mecatrónica,UNIVERSIDAD TECNICA FEDERICO SANTA MARIA
Técnico en Prevención de Riesgos,6,1,6,5,1,850000,1050000,1150000,114017.542509914,Técnico en Prevención de Riesgos,CFT INACAP | CFT SAN AGUSTIN | CFT SANTO TOMAS | IP AIEP | IP DUOC UC | IP IACC
Técnico en Procesos Industriales,1,1,1,1,0,1050000,1050000,1050000,,Técnico en Fabricación y Montaje Industrial,CFT INACAP
Técnico en Refrigeración y Climatización,1,1,1,1,0,1050000,1050000,1050000,,Técnico en Refrigeración y Climatización,CFT INACAP
Técnico en Relaciones Públicas,1,1,1,1,0,950000,950000,950000,,Técnico en Comunicación y Relaciones Publicas,IP AIEP
Técnico en Terapias Naturales y Naturopatía,1,1,1,0,1,,,,,Técnico en Terapias Complementarias de Salud,CFT DE ENAC
Técnico en Transporte Marítimo y Puertos,1,1,1,0,1,,,,,Técnico en Gestión Portuaria y Pesquera,CFT LOTA-ARAUCO
Técnico en Vitivinicultura y/o Enología,1,1,1,0,1,,,,,"Tecnología en Vinificación y Enología, y en Viticultura",UNIVERSIDAD DE TALCA
